reason_for_layoffs,num_events,avg_layoffs,avg_revenue_growth,avg_stock_growth,avg_ai_adoption,avg_sentiment
Restructuring,2401,5164.141191170345,17.464264889629337,22.18454810495628,5.542648896293203,6.49770928779676
AI Automation,2435,5097.314579055442,16.761683778234072,23.165256673511312,5.518028747433279,6.444763860369613
Market Slowdown,2334,5036.3911739503,17.125235646957982,22.496572407883477,5.498843187660669,6.493744644387327
Cost Cutting,2397,4995.41343345849,18.107008760951192,22.250771798080937,5.543262411347509,6.533708802670007
Overhiring Correction,2433,4757.442663378545,17.883641594738975,22.22934648581998,5.589478010686401,6.511672831894772
